Article,URL,Publish Date,Updated Date,Word Count,Reading Time,Indexed,Impressions,Clicks,Average Position,Status,Notes
SaaS Metrics FAQ: 35 Essential Questions About SaaS KPIs, Benchmarks & Unit Economics,https://calciocalc.com/blog/saas-metrics-faq,2026-07-14,2026-07-14,3520,18,,0,0,0,Published,FAQ hub article. C9 on roadmap. Organized by 7 categories. 35 FAQ entries.
The Complete SaaS Metrics Handbook: Every Metric You Need to Run a SaaS Business,https://calciocalc.com/blog/saas-metrics-handbook,2026-07-14,2026-07-14,5020,25,,0,0,0,Published,Master pillar article. C1 on roadmap. Covers all 5 metric categories.
Customer Acquisition Cost (CAC): Complete Guide for Startups,https://calciocalc.com/blog/customer-acquisition-cost-guide,2026-06-23,2026-07-14,3012,15,,0,0,0,Published,Expanded to sections format. C2 on roadmap. Core cluster article.
SaaS Benchmarks 2026: CAC, LTV & Churn Guide,https://calciocalc.com/blog/saas-benchmarks-2026,2026-07-28,2026-07-28,2076,11,,0,0,0,Published,First article in Startup Metrics cluster. C3 on roadmap.
Startup Burn Rate: Calculate & Reduce Monthly Burn,https://calciocalc.com/blog/startup-burn-rate-guide,2026-07-29,2026-07-29,2150,11,,0,0,0,Published,Second article in Startup Metrics cluster. C4 on roadmap.
CAC Payback vs LTV:CAC Ratio — Which Metric Matters?,https://calciocalc.com/blog/cac-payback-vs-ltv-cac-ratio,2026-07-30,2026-07-30,2081,11,,0,0,0,Published,Third article in Startup Metrics cluster. C5 on roadmap. Comparison article.
Monthly Recurring Revenue (MRR): How to Calculate, Track & Grow It,https://calciocalc.com/blog/mrr-guide,2026-07-31,2026-07-31,1722,9,,0,0,0,Published,Fourth article in Startup Metrics cluster. C6 on roadmap. Comprehensive MRR guide.
SaaS Quick Ratio: Measuring Growth Efficiency Beyond MRR,https://calciocalc.com/blog/saas-quick-ratio-guide,2026-08-04,2026-08-04,2165,11,,0,0,0,Published,Fifth article in Startup Metrics cluster. C7 on roadmap. Growth efficiency guide.
SaaS Unit Economics: The Complete Guide to Building a Profitable SaaS Business,https://calciocalc.com/blog/saas-unit-economics-guide,2026-08-11,2026-08-11,2548,13,,0,0,0,Published,Sixth article in Startup Metrics cluster. C8 on roadmap. Comprehensive unit economics guide.
